first_name,last_name,email
Epp,Lahme,epp.lahme@gmail.com
Sass,Rakett,sass.rakett@gmail.com
Ilia,Rodionov,ilia.rodionov@gmail.com
Sarikas,Paar,sarikas.paar@gmail.com
Lenna,Nukka,lenna.nukka@gmail.com
